{"r2": 0.5539027544589146, "mae": 33.58750986842105, "feature_importance": {"_type": "image-file", "sha256": "40a72f7e8a3832d4996d2c162528971d12bb7dfc7efe4419f029c8f2e38ab8a3", "size": 35682, "path": "media/images/feature_importance_0_40a72f7e8a3832d4996d.png", "format": "png", "width": 1000, "height": 1000}, "_timestamp": 1726053093.210891, "_runtime": 50.35471796989441, "_step": 0, "_wandb": {"runtime": 49}}