{"r2": 0.5333826954600753, "mae": 33.61023848684211, "feature_importance": {"_type": "image-file", "sha256": "b5a3f45126b4b76b7f60d9390d38b607d58f3d450c7185133f051910ac49888d", "size": 33346, "path": "media/images/feature_importance_0_b5a3f45126b4b76b7f60.png", "format": "png", "width": 1000, "height": 1000}, "_timestamp": 1726052925.0837927, "_runtime": 48.43491578102112, "_step": 0, "_wandb": {"runtime": 47}}